teomo_B teomo_B
teovd_A teovd_A
tepee_B tepee_B
terwg_B terwg_B
tesjy_B tesjy_B
tesmg_B tesmg_B
tetdk_A tetdk_A
teufx_B teufx_B
teujz_B teujz_B
texrb_A texrb_A
texri_A texri_A
tezhn_A tezhn_A
tfafy_B tfafy_B
tfbvu_B tfbvu_B
tfclc_B tfclc_B
tfdrm_A tfdrm_A
tfezq_A tfezq_A
tffdl_B tffdl_B
tffmi_A tffmi_A
