toinq_B toinq_B
tokyz_A tokyz_A
tomia_B tomia_B
tonac_B tonac_B
tontw_A tontw_A
tonxa_B tonxa_B
topfv_B topfv_B
torcu_A torcu_A
torlj_A torlj_A
torxc_B torxc_B
totng_B totng_B
toucy_B toucy_B
touhr_A touhr_A
toumo_B toumo_B
towvl_A towvl_A
toxdz_B toxdz_B
toxjk_B toxjk_B
toxrs_A toxrs_A
toyah_A toyah_A
tpaio_B tpaio_B
